filename,text
map_00000.png,4KTN9
map_00001.png,7UTUP
map_00002.png,D37JF
map_00003.png,HTJA9
map_00004.png,JX7CL
map_00005.png,JYRJX
map_00006.png,KK4EK
map_00007.png,KWNVJ
map_00008.png,PY3WU
map_00009.png,TH9TQ
map_00010.png,TJKN9
map_00011.png,WELDP
map_00012.png,UPVAP
map_00013.png,FYEVU
map_00014.png,Q9DHQ
map_00015.png,3WCE7
map_00016.png,LDWC7
map_00017.png,QR939
map_00018.png,R3AWX
map_00019.png,WTVRY
map_00020.png,H7K3X
map_00021.png,CRUNX
map_00022.png,NULLH
map_00023.png,FMMAE
map_00024.png,XQJWL
map_00025.png,W3TRC
map_00026.png,XFYVM
map_00027.png,AV4LL
map_00028.png,UWRUH
map_00029.png,Q9YJA
map_00030.png,Y3Q93
map_00031.png,YHTRT
map_00032.png,3JYER
map_00033.png,ML4CT
map_00034.png,NFWRE
map_00035.png,QHXVH
map_00036.png,QWMJL
map_00037.png,NJWND
map_00038.png,T9LFR
map_00039.png,ETETY
map_00040.png,3YDKH
map_00041.png,NA7HR
map_00042.png,LAD4V
map_00043.png,W4PDT
map_00044.png,XWN97
map_00045.png,J3PPJ
map_00046.png,KNVJV
map_00047.png,WPM7L
map_00048.png,JJXXC
map_00049.png,UNHLW
map_00050.png,A44DD
map_00051.png,DLTDY
map_00052.png,9HF7J
map_00053.png,RLRWV
map_00054.png,L9UXH
map_00055.png,7KAM4
map_00056.png,NHCRL
map_00057.png,TU9KU
map_00058.png,3349V
map_00059.png,CJRAN
map_00060.png,AEQHX
map_00061.png,TV4NL
map_00062.png,DRJXH
map_00063.png,3TNDJ
map_00064.png,CKPLF
map_00065.png,VHMLW
map_00066.png,JAWFR
map_00067.png,VV3KW
map_00068.png,XRNXX
map_00069.png,HEWAK
map_00070.png,VTCM3
map_00071.png,HLU9A
map_00072.png,WPKPU
map_00073.png,CCRWD
map_00074.png,VTCKD
map_00075.png,7933W
map_00076.png,3994F
map_00077.png,VMPNC
map_00078.png,HLJHK
map_00079.png,PEEHH
map_00080.png,YEREM
map_00081.png,LDNVU
map_00082.png,XYPFE
map_00083.png,9MWXK
map_00084.png,XP3P7
map_00085.png,WWQ47
map_00086.png,WF94J
map_00087.png,F4JR4
map_00088.png,MXWPN
map_00089.png,HFJ3E
map_00090.png,TXM99
map_00091.png,KTKUM
map_00092.png,ARMUK
map_00093.png,YRRCD
map_00094.png,PYCRU
map_00095.png,3PR93
map_00096.png,C333K
map_00097.png,QCYN3
map_00098.png,JKWCE
map_00099.png,4R7NU
map_00100.png,MWJJW
map_00101.png,URQEU
map_00102.png,94JEP
map_00103.png,FPRLK
map_00104.png,VNR4Y
map_00105.png,HL4FD
map_00106.png,3DNYN
map_00107.png,MDFVM
map_00108.png,FYU3H
map_00109.png,WQCLC
map_00110.png,A3F4P
map_00111.png,CL3PL
map_00112.png,UWXRH
map_00113.png,LD9QJ
map_00114.png,UVHXJ
map_00115.png,MFEUN
map_00116.png,REDXP
map_00117.png,Q7RFU
map_00118.png,HFEXA
map_00119.png,P3YNT
map_00120.png,FK3VA
map_00121.png,M4FYK
map_00122.png,MCKNQ
map_00123.png,MLNDL
map_00124.png,994AY
map_00125.png,UK3XN
map_00126.png,43KPX
map_00127.png,9PR44
map_00128.png,PCRRM
map_00129.png,YXENX
map_00130.png,LCHWL
map_00131.png,9UMHX
map_00132.png,YXETJ
map_00133.png,ML3J9
map_00134.png,HPKQC
map_00135.png,RMKXT
map_00136.png,KERKC
map_00137.png,CDDLD
map_00138.png,KKQJY
map_00139.png,TDYPE
map_00140.png,YRCX9
map_00141.png,QNTHF
map_00142.png,KEREA
map_00143.png,NVDTQ
map_00144.png,ANKTK
map_00145.png,PLJ9F
map_00146.png,LCM49
map_00147.png,NJEDE
map_00148.png,KQ443
map_00149.png,AJ4WK
map_00150.png,L7Q7A
map_00151.png,NFAMU
map_00152.png,9FXF4
map_00153.png,4VVJ3
map_00154.png,UEP7W
map_00155.png,EVYEQ
map_00156.png,TKD9V
map_00157.png,DC7WP
map_00158.png,9KH7T
map_00159.png,FAPCF
map_00160.png,7HFH3
map_00161.png,XP9R9
map_00162.png,AT4CJ
map_00163.png,7D7QJ
map_00164.png,TAJEQ
map_00165.png,HHKMX
map_00166.png,FENEP
map_00167.png,CL7H7
map_00168.png,VJ7AW
map_00169.png,P9XWY
map_00170.png,WD97C
map_00171.png,LK9VT
map_00172.png,4TCYW
map_00173.png,QLN7N
map_00174.png,XH7L3
map_00175.png,QHTLJ
map_00176.png,V3DCN
map_00177.png,ECAQV
map_00178.png,7Q9WX
map_00179.png,EJQK4
map_00180.png,FRRHQ
map_00181.png,AUT4Y
map_00182.png,WF4TR
map_00183.png,4QMA9
map_00184.png,7H7AL
map_00185.png,NN7Y3
map_00186.png,N7FUN
map_00187.png,V9NLU
map_00188.png,HPP4L
map_00189.png,P4RCU
map_00190.png,CDCW7
map_00191.png,43HVP
map_00192.png,DYMHV
map_00193.png,WNQAV
map_00194.png,JVY4P
map_00195.png,LEAHR
map_00196.png,QWWX3
map_00197.png,3A4VA
map_00198.png,FLEUE
map_00199.png,QMHWA
map_00200.png,VR7LE
map_00201.png,CANYL
map_00202.png,RL3WN
map_00203.png,QF7WK
map_00204.png,HW9LN
map_00205.png,FF794
map_00206.png,YYL3H
map_00207.png,7NUE4
map_00208.png,M33XH
map_00209.png,KWQKL
map_00210.png,LRUYV
map_00211.png,Y7LLX
map_00212.png,W3LDW
map_00213.png,4QUQH
map_00214.png,CRKYC
map_00215.png,ACHTC
map_00216.png,AJEXD
map_00217.png,JCAE7
map_00218.png,TUETR
map_00219.png,AYVEK
map_00220.png,M37P9
map_00221.png,LXMTQ
map_00222.png,PLU9V
map_00223.png,XCTCJ
map_00224.png,YX4YH
map_00225.png,CQ4K3
map_00226.png,QD7FL
map_00227.png,EE9TV
map_00228.png,9XJWH
map_00229.png,JHNEC
map_00230.png,RFENM
map_00231.png,9KHMU
map_00232.png,E3QPD
map_00233.png,W7HKT
map_00234.png,LCHFM
map_00235.png,KUTLU
map_00236.png,434UM
map_00237.png,EYKL4
map_00238.png,W7FCN
map_00239.png,4F9DU
map_00240.png,XCXJQ
map_00241.png,XPP9K
map_00242.png,NDP7T
map_00243.png,NMRRC
map_00244.png,MJXMH
map_00245.png,P4HNY
map_00246.png,9KLL3
map_00247.png,VWCEQ
map_00248.png,E4TMJ
map_00249.png,TRYMQ
map_00250.png,UAF7E
map_00251.png,J3Q7X
map_00252.png,HYH74
map_00253.png,KP9PN
map_00254.png,K3RV4
map_00255.png,DKEAL
map_00256.png,DWXTF
map_00257.png,PQUNX
map_00258.png,LTHHA
map_00259.png,JWRKK
map_00260.png,A7EDF
map_00261.png,AC7XV
map_00262.png,VNNCC
map_00263.png,UHWXP
map_00264.png,REDLM
map_00265.png,KNVAN
map_00266.png,REMQK
map_00267.png,V34EE
map_00268.png,WHNUR
map_00269.png,UW3LE
map_00270.png,XQLK7
map_00271.png,JX9LD
map_00272.png,PFN4K
map_00273.png,C49ET
map_00274.png,PQNHW
map_00275.png,C7RPT
map_00276.png,LAN3T
map_00277.png,YQU4V
map_00278.png,VJDVN
map_00279.png,YEHET
map_00280.png,RVVQN
map_00281.png,L9VYC
map_00282.png,EFJJ7
map_00283.png,WMVEL
map_00284.png,AR9JW
map_00285.png,PLNE4
map_00286.png,UDYEU
map_00287.png,PNQYC
map_00288.png,TUHV4
map_00289.png,HNKCX
map_00290.png,T4XFV
map_00291.png,NMHNC
map_00292.png,XLPCH
map_00293.png,KHT3P
map_00294.png,PFWEJ
map_00295.png,KHT3P
map_00296.png,DVVUD
map_00297.png,AAVLV
map_00298.png,FJKWN
map_00299.png,WACNT
map_00300.png,YMH7J
map_00301.png,AYAUW
map_00302.png,ARWKM
map_00303.png,QUED3
map_00304.png,U99TU
map_00305.png,JDKKX
map_00306.png,MVE9C
map_00307.png,HUDNQ
map_00308.png,J7N9M
map_00309.png,9XYPJ
map_00310.png,UHLUW
map_00311.png,XYREM
map_00312.png,3EPUX
map_00313.png,39MMA
map_00314.png,WWRYM
map_00315.png,7YKHC
map_00316.png,J4C3F
map_00317.png,PDHMD
map_00318.png,KEHFR
map_00319.png,VA7M7
map_00320.png,FR9XY
map_00321.png,34FH3
map_00322.png,JPKWV
map_00323.png,FVC3T
map_00324.png,3C9KM
map_00325.png,MC3WW
map_00326.png,KAEAX
map_00327.png,HV9KT
map_00328.png,HE49M
map_00329.png,N4NLR
map_00330.png,M7PL3
map_00331.png,MXEPJ
map_00332.png,CR933
map_00333.png,PL44X
map_00334.png,QCRU9
map_00335.png,NTMKR
map_00336.png,TPN3U
map_00337.png,KWAEW
map_00338.png,YTR3Q
map_00339.png,4RDFE
map_00340.png,LEXTX
map_00341.png,QXFAY
map_00342.png,37NHQ
map_00343.png,3RV79
map_00344.png,KK3NW
map_00345.png,94E43
map_00346.png,7RCUY
map_00347.png,7PJF9
map_00348.png,XTV7A
map_00349.png,3XD9E
map_00350.png,LTJVQ
map_00351.png,LHAYW
map_00352.png,MF9YN
map_00353.png,E3MMF
map_00354.png,QHUW4
map_00355.png,VP4Y3
map_00356.png,RXFCX
map_00357.png,VUD3X
map_00358.png,4DADN
map_00359.png,4QT4Q
map_00360.png,7C4XC
map_00361.png,4FKJQ
map_00362.png,ERJVM
map_00363.png,KML9C
map_00364.png,JJDPR
map_00365.png,JVCLL
map_00366.png,7UXPU
map_00367.png,ADATR
map_00368.png,Y93P4
map_00369.png,CAQEN
map_00370.png,H9EDQ
map_00371.png,DEKWE
map_00372.png,NFKXH
map_00373.png,PCQMK
map_00374.png,LTDK9
map_00375.png,FJYRD
map_00376.png,JVDYC
map_00377.png,CYJW4
map_00378.png,QUUUE
map_00379.png,JHQRR
map_00380.png,VM7VY
map_00381.png,N7PW9
map_00382.png,LA9DW
map_00383.png,CDTXE
map_00384.png,JC3YM
map_00385.png,TNXK4
map_00386.png,E3W99
map_00387.png,HVNLV
map_00388.png,3VXMN
map_00389.png,73XK7
map_00390.png,CKU33
map_00391.png,YFMT4
map_00392.png,33FYN
map_00393.png,XK4KE
map_00394.png,4YFLN
map_00395.png,WVHHD
map_00396.png,WADLT
map_00397.png,KJ7FR
map_00398.png,9P7FJ
map_00399.png,RLQKV
map_00400.png,KEQM7
map_00401.png,RYX3R
map_00402.png,UTXAN
map_00403.png,JLRKV
map_00404.png,JF9HD
map_00405.png,NT4J7
map_00406.png,E7JW7
map_00407.png,WWRJV
map_00408.png,EJDXH
map_00409.png,NYFWW
map_00410.png,FHVHN
map_00411.png,CD7LV
map_00412.png,WUDHW
map_00413.png,WJ4MT
map_00414.png,3A3LN
map_00415.png,HJWRT
map_00416.png,UCUEC
map_00417.png,94LRD
map_00418.png,TDM7W
map_00419.png,YVX34
map_00420.png,KN377
map_00421.png,ATX3U
map_00422.png,KMUE9
map_00423.png,KHUQ9
map_00424.png,QUN4T
map_00425.png,LEJQR
map_00426.png,YUCJY
map_00427.png,3VA43
map_00428.png,KJEQF
map_00429.png,MMJQA
map_00430.png,LMELF
map_00431.png,7APJH
map_00432.png,3QWNN
map_00433.png,EMYVP
map_00434.png,3DHMW
map_00435.png,CLHCH
map_00436.png,XLMKT
map_00437.png,PDNTC
map_00438.png,E4LQX
map_00439.png,43UMA
map_00440.png,97KEC
map_00441.png,DD3P7
map_00442.png,U99K4
map_00443.png,RPHDL
map_00444.png,QYYFH
map_00445.png,HPJKW
map_00446.png,4MU3V
map_00447.png,NUC3L
map_00448.png,TJNH9
map_00449.png,U374R
map_00450.png,PJCX9
map_00451.png,9NN9U
map_00452.png,NHTWQ
map_00453.png,XK3KM
map_00454.png,P39L7
map_00455.png,DE47J
map_00456.png,4UVN9
map_00457.png,NN9WC
map_00458.png,M9YRD
map_00459.png,E3AFQ
map_00460.png,FLME4
map_00461.png,RAPC7
map_00462.png,CMAUL
map_00463.png,ADF4H
map_00464.png,YKRPV
map_00465.png,X9YF4
map_00466.png,3QPFK
map_00467.png,99MUU
map_00468.png,LKENM
map_00469.png,XXAYV
map_00470.png,7MV44
map_00471.png,LDYEC
map_00472.png,WXA3M
map_00473.png,E9XHE
map_00474.png,PKDX4
map_00475.png,RJWHQ
map_00476.png,97WTA
map_00477.png,VHM9X
map_00478.png,LE3RQ
map_00479.png,7W9H3
map_00480.png,33WDJ
map_00481.png,YEMX4
map_00482.png,LWN9U
map_00483.png,FED3F
map_00484.png,4FCND
map_00485.png,KNCNP
map_00486.png,7WTKH
map_00487.png,NAMTP
map_00488.png,HREXQ
map_00489.png,R399A
map_00490.png,MXXKT
map_00491.png,FCPXC
map_00492.png,7R7A4
map_00493.png,LW7VV
map_00494.png,FLETN
map_00495.png,C4PMY
map_00496.png,9C34F
map_00497.png,UHVU9
map_00498.png,9CDFM
map_00499.png,XWR4A
